{
    "total_return": 5.492616756936335,
    "annualized_return": 0.18699036386820778,
    "sharpe_ratio": 1.3453432291556302,
    "max_drawdown": -0.1619830789252411,
    "calmar_ratio": 1.1543820818130521,
    "win_rate": 0.48545454545454547,
    "num_days": 2750,
    "signal_time_sec": 0.0485
}